
  {
    "ClientName": "neha",
    "ClientID": 13,
    "Procedure": "rd1"
  }
{
  "ClientName": "keerthi",
  "ClientID": 12,
  "Procedure": "rd1"
}{
  "ClientName": "neha",
  "ClientID": 13,
  "Procedure": "rd1"
}{
  "ClientName": "keerthi",
  "ClientID": 12,
  "Procedure": "rd1"
}{
  "ClientName": "krishna",
  "ClientID": 12,
  "Procedure": "rd1",
  "Risk": "rd3",
  "Designation": "rd5",
  "testing": "rd7"
}{
  "ClientName": "keerthi",
  "ClientID": 1,
  "Procedure": "rd1",
  "Risk": "rd3",
  "Designation": "rd5",
  "testing": "rd7"
}{
  "ClientName": "keerthi",
  "ClientID": 1,
  "Procedure": "rd1",
  "Risk": "rd3",
  "Designation": "rd5",
  "testing": "rd7"
}